CH1_C1_n,CH1_C1_mean_nA,CH1_C1_std_nA,CH1_C1_min_nA,CH1_C1_max_nA,CH1_C1_peak_nA,CH1_C1_peak_time_ms,CH1_V1_mean_V,CH1_V1_min_V,CH1_V1_max_V,CH1_R1_mean_Ohm,CH1_C2_n,CH1_C2_mean_nA,CH1_C2_std_nA,CH1_C2_min_nA,CH1_C2_max_nA,CH1_C2_peak_nA,CH1_C2_peak_time_ms,CH1_V2_mean_V,CH1_V2_min_V,CH1_V2_max_V,CH1_R2_mean_Ohm,CH1_C3_n,CH1_C3_mean_nA,CH1_C3_std_nA,CH1_C3_min_nA,CH1_C3_max_nA,CH1_C3_peak_nA,CH1_C3_peak_time_ms,CH1_V3_mean_V,CH1_V3_min_V,CH1_V3_max_V,CH1_R3_mean_Ohm,CH2_C1_n,CH2_C1_mean_nA,CH2_C1_std_nA,CH2_C1_min_nA,CH2_C1_max_nA,CH2_C1_peak_nA,CH2_C1_peak_time_ms,CH2_V1_mean_V,CH2_V1_min_V,CH2_V1_max_V,CH2_R1_mean_Ohm,CH2_C2_n,CH2_C2_mean_nA,CH2_C2_std_nA,CH2_C2_min_nA,CH2_C2_max_nA,CH2_C2_peak_nA,CH2_C2_peak_time_ms,CH2_V2_mean_V,CH2_V2_min_V,CH2_V2_max_V,CH2_R2_mean_Ohm,CH2_C3_n,CH2_C3_mean_nA,CH2_C3_std_nA,CH2_C3_min_nA,CH2_C3_max_nA,CH2_C3_peak_nA,CH2_C3_peak_time_ms,CH2_V3_mean_V,CH2_V3_min_V,CH2_V3_max_V,CH2_R3_mean_Ohm,device,measurement,type
2000,-12.8619416,6.430364129301478,-20.1334,0.4032,-20.1334,36.719389,-0.2999998259999999,-0.300066,-0.299977,218888438.13186446,2000,-14.251852099999999,1.092589128724835,-16.5177,-12.590800000000002,-16.5177,49.721253,-0.2999999999999999,-0.3,-0.3,21171962.904663347,600,-12.207866666666668,0.20861906531501484,-12.571800000000001,-11.8532,-12.571800000000001,99.24516,-0.29999999999999993,-0.3,-0.3,24581482.165109623,2000,0.00600035,0.11484144192437298,-0.9833,0.9271,-0.9833,25.263874,-0.30000008849999993,-0.300069,-0.299933,5032183548.1216135,2000,-0.016898450000000002,0.00465481215900468,-0.031599999999999996,0.0027,-0.031599999999999996,96.671385,-0.30000008049999993,-0.3000009999999999,-0.2999989999999999,22192762704.625977,602,-0.01657574750830565,0.005118041871819658,-0.0349,-0.0077,-0.0349,102.070097,-0.30000010132890365,-0.3000009999999999,-0.2999989999999999,19755006054.003582,1,1,wafer
2000,-14.0019427,7.4881003655779885,-22.6484,1.1874,-22.6484,35.94976,-0.29999954899999987,-0.300033,-0.299852,355147483.8551069,2000,-16.40390615,1.0953442372999782,-18.653499999999998,-14.7475,-18.653499999999998,49.921381,-0.2999999999999999,-0.3,-0.3,18368738.665982667,553,-14.392337613019892,0.19214036845856589,-14.7279,-14.0624,-14.7279,99.549931,-0.29999999999999993,-0.3,-0.3,20848134.37857424,2000,0.06519205,0.24235373388491765,-2.1657,2.4751000000000003,-2.1657,18.875804,-0.29999979199999993,-0.300058,-0.299934,7545933214.632848,2000,-0.016008950000000004,0.004007805652794966,-0.0332,0.0002,-0.0332,58.097157,-0.3000000644999999,-0.3000009999999999,-0.2999989999999999,19994876784.381096,554,-0.01636407942238267,0.004910665806462341,-0.0251,0.0013000000000000002,-0.0251,100.583223,-0.30000008664259925,-0.3000009999999999,-0.2999989999999999,25345900004.837944,1,2,wafer
2000,-17.503071600000002,8.37846069894138,-26.525000000000002,1.3420999999999998,-26.525000000000002,35.489404,-0.2999996949999999,-0.300043,-0.299908,261796575.2927415,2000,-19.76419105,1.2079921241717297,-22.250200000000003,-17.9587,-22.250200000000003,50.063705,-0.2999999999999999,-0.3,-0.3,15234897.145616008,452,-17.640966814159295,0.17006146223106924,-17.938000000000002,-17.3481,-17.938000000000002,99.565344,-0.29999999999999993,-0.3,-0.3,17007447.68247746,2000,0.05562055,0.2350888746031564,-0.9812000000000001,2.7545,-0.9812000000000001,16.578219999999998,-0.3000000234999999,-0.300056,-0.2999159999999999,-inf,2000,-0.016760949999999997,0.003978736642470204,-0.0307,0.0019,-0.0307,87.94940299999999,-0.300000061,-0.3000009999999999,-0.2999989999999999,21083678627.15639,453,-0.01657792494481236,0.0034320841888435673,-0.027899999999999998,-0.0009,-0.027899999999999998,107.451073,-0.30000005077262687,-0.3000009999999999,-0.2999989999999999,20293701053.50355,1,3,wafer
2000,-19.46688,8.87510722534329,-28.8473,1.2062,-28.8473,34.751963,-0.29999967549999995,-0.3000359999999999,-0.299912,219665171.27555993,2000,-21.797383849999996,1.2348311263445995,-24.319000000000003,-19.9492,-24.319000000000003,50.047545,-0.2999999999999999,-0.3,-0.3,13806728.992738595,581,-19.53477831325301,0.22248289491301154,-19.924500000000002,-19.1587,-19.924500000000002,99.692836,-0.3000000017211704,-0.3000009999999999,-0.3,15359214.024225395,2000,0.0513872,0.25320121406415447,-2.8057,2.9111,-2.8057,30.947171,-0.29999995699999993,-0.300067,-0.299915,12701233581.365677,2000,-0.01679825,0.004480838190890904,-0.036699999999999997,0.0015,-0.036699999999999997,96.15318,-0.30000008349999996,-0.3000009999999999,-0.2999989999999999,18871227433.57527,582,-0.017229553264604812,0.005314684571001426,-0.0368,-0.0057,-0.0368,111.042254,-0.3000000927835051,-0.3000009999999999,-0.2999989999999999,19130658438.172928,1,4,wafer
2000,-20.4752718,9.538924948133193,-30.722500000000004,1.1848999999999998,-30.722500000000004,35.348903,-0.29999982799999986,-0.300116,-0.299981,239517951.75278747,2000,-22.958897850000003,1.3757900881070646,-25.820600000000002,-20.9013,-25.820600000000002,49.984811,-0.30000000149999995,-0.3000009999999999,-0.2999989999999999,13113092.124689342,566,-20.465895759717316,0.2317237080381374,-20.8791,-20.074800000000003,-20.8791,99.691094,-0.30000000000000004,-0.3,-0.3,14660407.57502837,2000,0.10542505,0.2960740414769855,-1.0209000000000001,2.6432,-1.0209000000000001,34.110524,-0.30000018149999996,-0.3000939999999999,-0.299931,-inf,2000,-0.01652575,0.004794790605018429,-0.0351,0.0034000000000000002,-0.0351,72.716307,-0.30000009099999986,-0.3000009999999999,-0.299998,-inf,563,-0.01705577264653641,0.005222158635712422,-0.0344,-0.008499999999999999,-0.0344,112.514972,-0.3000001190053286,-0.3000009999999999,-0.2999989999999999,19124866531.789196,1,5,wafer
2000,-17.022613949999997,8.693931821575294,-26.5863,1.7872,-26.5863,35.518893,-0.2999998519999999,-0.300075,-0.299923,286409198.85589457,2000,-19.14573125,1.4224283563269116,-22.0483,-17.047800000000002,-22.0483,49.532697,-0.30000000149999995,-0.3000009999999999,-0.3,15754598.81134071,2000,-15.715603000000002,0.735261884821072,-17.0273,-14.5441,-17.0273,99.0881,-0.2999999999999999,-0.3,-0.3,19131028.359005217,2000,0.06060814999999999,0.47308012856449466,-0.8431,8.3532,-0.8431,31.736685,-0.29999966949999984,-0.300067,-0.299936,2038760130.6895673,2000,-0.05301285,0.007815528204674273,-0.0903,-0.0247,-0.0903,69.947502,-0.30000010499999985,-0.3000009999999999,-0.2999989999999999,5788815736.183517,2000,-0.043165600000000005,0.005918615686613121,-0.0636,-0.021500000000000002,-0.0636,105.943164,-0.30000009449999987,-0.3000009999999999,-0.2999989999999999,7102322448.821535,2,1,wafer
2000,-16.39344315,9.362634198548557,-27.159499999999998,1.3002,-27.159499999999998,36.011144,-0.2999998089999999,-0.300075,-0.2998889999999999,195405869.9016521,2000,-19.73556485,1.3597171325609483,-22.5746,-17.6829,-22.5746,49.558512,-0.2999999999999999,-0.3,-0.3,15272066.003927933,523,-17.28004760994264,0.22166563315165005,-17.6574,-16.9039,-17.6574,99.364395,-0.29999999999999993,-0.3,-0.3,17363916.607606124,2000,0.17317430000000003,0.8392866925107432,-5.9444,15.770000000000001,-5.9444,23.531878,-0.29999965999999995,-0.3000629999999999,-0.2999199999999999,-inf,2000,-0.0444285,0.005252885316859301,-0.0616,-0.028499999999999998,-0.0616,83.096434,-0.3000000919999999,-0.3000009999999999,-0.2999989999999999,6851041861.550998,524,-0.04057767175572519,0.004123334882545627,-0.056999999999999995,-0.029800000000000004,-0.056999999999999995,99.985678,-0.3000000744274809,-0.3000009999999999,-0.2999989999999999,7465254593.282888,2,2,wafer
2000,-19.62273355,9.465325793608425,-30.1249,1.5975,-30.1249,34.543235,-0.29999983899999993,-0.3000359999999999,-0.2999549999999999,142233847.3014718,2000,-21.77924805,1.4418032173445063,-24.7576,-19.6095,-24.7576,49.829515,-0.2999999999999999,-0.3,-0.3,13834101.289730314,549,-19.149717486338798,0.24786732938881137,-19.584600000000002,-18.729499999999998,-19.584600000000002,99.214997,-0.3,-0.3,-0.3,15668647.104206974,2000,0.09954185000000002,0.6302475315930377,-2.6069,12.443200000000001,-2.6069,16.658625999999998,-0.2999996779999999,-0.300052,-0.299909,1081521850.1415963,2000,-0.0432906,0.005577313408122787,-0.0651,-0.0197,-0.0651,51.217906,-0.3000000779999999,-0.3000009999999999,-0.2999989999999999,7056350961.462711,550,-0.03872545454545454,0.0050041555839252716,-0.0475,-0.020399999999999998,-0.0475,100.951765,-0.30000010181818176,-0.3000009999999999,-0.3,7907072660.452618,2,3,wafer
2000,-22.9075345,8.619586637928998,-31.3685,0.5828,-31.3685,34.203608,-0.2999997019999999,-0.3000359999999999,-0.299931,108300492.44295457,2000,-22.988401000000003,1.4895229690765777,-26.046200000000002,-20.726100000000002,-26.046200000000002,50.017389,-0.30000000049999986,-0.3000009999999999,-0.3,13104138.731231911,602,-20.199448338870436,0.2789689669682739,-20.6948,-19.730900000000002,-20.6948,99.550437,-0.29999999999999993,-0.3,-0.3,14854717.581290642,2000,0.050901150000000006,0.42375060786093127,-2.3069,8.6708,-2.3069,28.362665,-0.2999999694999999,-0.300087,-0.299937,4409870219.270185,2000,-0.04182225,0.00502990058425052,-0.06,-0.0222,-0.06,56.11074,-0.3000000644999999,-0.3000009999999999,-0.2999989999999999,7287103696.56526,599,-0.037092320534223705,0.005180921502604488,-0.0563,-0.028,-0.0563,101.107193,-0.300000101836394,-0.3000009999999999,-0.2999989999999999,8234661829.743672,2,4,wafer
2000,-22.727045849999996,9.37220275750726,-31.873000000000005,0.5259,-31.873000000000005,35.375918,-0.29999965999999995,-0.300069,-0.299905,187932350.0212845,2000,-23.511256300000003,1.558071103362063,-26.715,-21.1797,-26.715,50.065865,-0.30000000049999986,-0.3000009999999999,-0.3,12815116.759124268,975,-20.379600820512817,0.43244415088404536,-21.1535,-19.6399,-21.1535,99.553748,-0.3,-0.3,-0.3,14727222.797199648,2000,0.037479900000000003,0.33826273882328234,-5.6930000000000005,6.0068,-5.6930000000000005,24.949816,-0.2999999619999999,-0.300076,-0.299931,989575651.9948696,2000,-0.0397407,0.0051049411085595225,-0.0609,-0.011000000000000001,-0.0609,52.707082,-0.3000000769999999,-0.3000009999999999,-0.3,7690427593.305282,976,-0.03513206967213115,0.005265865523545383,-0.0443,-0.015500000000000002,-0.0443,99.622872,-0.30000007889344255,-0.3000009999999999,-0.2999989999999999,8785961920.174114,2,5,wafer
2000,-16.049363250000003,7.528321679448153,-24.4801,1.2903,-24.4801,35.580081,-0.2999997854999999,-0.300093,-0.29988,403979073.51149136,2000,-17.096430950000002,1.5718463696150249,-20.262700000000002,-14.714400000000001,-20.262700000000002,49.852213,-0.3000000024999999,-0.3000009999999999,-0.3,17694126.097041287,2000,-13.089304649999999,0.8655502802016507,-14.6815,-11.6767,-14.6815,99.188127,-0.300000006,-0.3000009999999999,-0.3,23019600.663546503,2000,0.07799105,0.210501756119901,-0.8824,2.1593999999999998,-0.8824,25.663684,-0.30000002499999995,-0.30006,-0.2999259999999999,-inf,2000,-0.05089465,0.008470168135971436,-0.11970000000000001,0.0392,-0.11970000000000001,61.564732,-0.3000000889999999,-0.3000009999999999,-0.2999989999999999,6175408856.467889,2000,-0.040438350000000005,0.0045544325338457555,-0.0579,-0.0201,-0.0579,118.923165,-0.3000000689999999,-0.3000009999999999,-0.2999989999999999,7521176738.373146,3,1,wafer
2000,-15.2709359,8.26693757334734,-24.4543,1.7612,-24.4543,35.942521,-0.3000000224999999,-0.300118,-0.2999719999999999,382166788.4421669,2000,-18.1021564,1.4125619843138935,-20.9205,-15.9388,-20.9205,50.042823,-0.30000000499999985,-0.3000009999999999,-0.3,16672451.132931508,547,-15.465256489945157,0.2509012608951826,-15.911100000000001,-15.040200000000002,-15.911100000000001,99.613444,-0.3000000073126142,-0.3000009999999999,-0.3,19403416.49455205,2000,0.19664125,0.4387764325055514,-1.8854000000000002,6.101,-1.8854000000000002,29.574682,-0.2999993719999999,-0.3000609999999999,-0.2999179999999999,-419348819.88413674,2000,-0.036353800000000006,0.004913977935397633,-0.055600000000000004,-0.016900000000000002,-0.055600000000000004,50.437772,-0.3000001054999999,-0.3000009999999999,-0.299998,8436383395.92824,547,-0.03470786106032906,0.004682618510249211,-0.0442,-0.0177,-0.0442,107.161106,-0.3000000731261426,-0.3000009999999999,-0.2999989999999999,8831052390.175907,3,2,wafer
2000,-18.8176448,8.200272751091827,-27.0562,0.4024,-27.0562,35.457626999999995,-0.2999998279999999,-0.300158,-0.299904,85710292.14094472,2000,-20.680307600000003,1.4668134995231779,-23.5713,-18.409200000000002,-23.5713,50.110648,-0.3000000029999999,-0.3000009999999999,-0.3,14578881.75867184,547,-17.91416361974406,0.26436915708879594,-18.3843,-17.4671,-18.3843,99.790497,-0.30000000548446065,-0.3000009999999999,-0.3,16750165.093927743,2000,0.13737585000000002,0.2532107231080982,-1.4645000000000001,2.8692,-1.4645000000000001,10.919617,-0.29999940349999993,-0.30006,-0.29978,2511976572.8214283,2000,-0.041259,0.005048853777069714,-0.05910000000000001,-0.0217,-0.05910000000000001,92.813341,-0.30000009499999986,-0.3000009999999999,-0.2999989999999999,7390945917.076296,546,-0.03757747252747253,0.00549258932138316,-0.058300000000000005,-0.0274,-0.058300000000000005,104.105124,-0.300000119047619,-0.3000009999999999,-0.2999989999999999,8141738190.965032,3,3,wafer
2000,-18.3684171,8.220348591241027,-26.765,0.49770000000000003,-26.765,35.515401,-0.29999981349999993,-0.3000859999999999,-0.299966,103799232.52528004,2000,-20.6568617,1.3860998790168102,-23.395300000000002,-18.5113,-23.395300000000002,50.248081,-0.30000000549999994,-0.3000009999999999,-0.3,14587819.582838269,503,-18.06857375745527,0.23672066772692335,-18.4867,-17.6636,-18.4867,100.040119,-0.30000000397614307,-0.3000009999999999,-0.2999989999999999,16606257.550432108,2000,0.17003365000000004,0.24273746425089185,-0.8505,2.3729999999999998,-0.8505,2.785843,-0.29999987849999993,-0.30006,-0.299933,-inf,2000,-0.023930100000000003,0.005989723063814437,-0.0407,-0.0016,-0.0407,73.272706,-0.30000010799999993,-0.3000009999999999,-0.299998,13935962650.706919,500,-0.026034199999999997,0.004391174693676028,-0.0421,0.0005,-0.0421,111.139676,-0.30000007199999995,-0.3000009999999999,-0.2999989999999999,10655510466.24677,3,4,wafer
2000,-17.719345750000002,8.100416084338608,-26.3671,1.5688,-26.3671,35.054684,-0.2999998109999999,-0.3001089999999999,-0.299919,159126631.14886048,2000,-20.29705655,1.303057152272356,-22.8671,-18.273,-22.8671,50.050308,-0.30000000899999985,-0.3000009999999999,-0.3,14840854.188585121,482,-17.873322199170122,0.21403150754351327,-18.2501,-17.5091,-18.2501,99.932552,-0.3000000041493775,-0.3000009999999999,-0.3,16787194.038238827,2000,0.17870800000000003,0.27753220360530956,-2.2540999999999998,2.8004,-2.2540999999999998,15.630507,-0.2999995594999999,-0.3000609999999999,-0.299913,6196067863.34238,2000,-0.02397275,0.0062361861298571835,-0.045700000000000005,-0.0069,-0.045700000000000005,85.69261399999999,-0.30000012749999994,-0.3000009999999999,-0.2999989999999999,13466973085.350716,480,-0.0262825,0.005553169269460624,-0.044000000000000004,-0.0173,-0.044000000000000004,104.478963,-0.30000013958333327,-0.3000009999999999,-0.2999989999999999,11903286447.224607,3,5,wafer
2000,-16.590172900000002,8.025826789463054,-25.751099999999997,2.7663,-25.751099999999997,35.438452,-0.2999999694999999,-0.300098,-0.2998369999999999,237410525.3207073,2000,-17.8801353,1.3187030162877815,-20.6396,-15.926100000000002,-20.6396,49.924443,-0.3000000059999999,-0.3000009999999999,-0.2999989999999999,16868146.35223058,443,-15.600925282167044,0.17423841935744364,-15.908600000000002,-15.306300000000002,-15.908600000000002,99.45137,-0.30000001354401795,-0.3000009999999999,-0.3,19232022.391393475,2000,0.0030426499999999905,0.5981561039547507,-5.7674,3.4397,-5.7674,34.191742999999995,-0.2999995284999999,-0.300239,-0.299797,-inf,2000,-0.017977299999999998,0.007555872571394885,-0.052300000000000006,0.033999999999999996,-0.052300000000000006,77.269426,-0.3000001229999999,-0.300002,-0.299998,-inf,444,-0.017829504504504507,0.006613349842719033,-0.035199999999999995,0.006,-0.035199999999999995,105.803215,-0.3000001283783783,-0.3000009999999999,-0.2999989999999999,26195704500.970016,5,1,wafer
2000,-19.73054015,9.033607870898292,-29.5061,2.0213,-29.5061,35.721238,-0.3000000659999999,-0.300156,-0.299879,189479465.9458257,2000,-20.998946800000002,1.4345959658532368,-24.0112,-18.8351,-24.0112,50.249551,-0.30000000899999996,-0.3000009999999999,-0.2999989999999999,14352147.01594873,624,-18.332408012820515,0.2690819778775915,-18.810000000000002,-17.8748,-18.810000000000002,99.964003,-0.30000000320512815,-0.3000009999999999,-0.2999989999999999,16367981.077220794,2000,0.06038655,0.7356935645529052,-10.613000000000001,6.0098,-10.613000000000001,11.5138,-0.29999963849999994,-0.300253,-0.299749,7010502920.3833475,2000,-0.0162528,0.005701561721408575,-0.0715,0.014,-0.0715,90.170918,-0.3000000989999999,-0.300002,-0.299998,21463985738.638744,625,-0.01722032,0.005361438158573231,-0.0351,0.002,-0.0351,110.433794,-0.30000014239999995,-0.300002,-0.2999989999999999,19107185683.177177,5,2,wafer
2000,-21.582195900000002,9.317202721912505,-31.624,0.7823,-31.624,35.015575,-0.29999981949999993,-0.3001649999999999,-0.299888,163183552.43417785,2000,-22.84370895,1.5607748054000241,-26.133599999999998,-20.5212,-26.133599999999998,49.734528,-0.3000000064999999,-0.3000009999999999,-0.3,13193018.013045443,929,-19.729694402583423,0.4238224862360712,-20.491699999999998,-19.0183,-20.491699999999998,99.149041,-0.3000000053821313,-0.3000009999999999,-0.3,15212510.72253105,2000,0.05630595,0.6983623070910832,-10.962000000000002,8.786,-10.962000000000002,32.823945,-0.29999972299999994,-0.300193,-0.2997229999999999,8313009699.06723,2000,-0.016496000000000004,0.00500446763883773,-0.048,0.0064,-0.048,49.828399,-0.30000008549999996,-0.3000009999999999,-0.2999989999999999,19935475362.41574,927,-0.016517583603020497,0.004772966913901618,-0.0361,0.0006000000000000002,-0.0361,108.016318,-0.30000009924487586,-0.3000009999999999,-0.2999989999999999,19590885452.682575,5,3,wafer
2000,-21.3098999,9.820034220335705,-32.0653,1.8244,-32.0653,34.832312,-0.2999997769999999,-0.300118,-0.299786,140837736.0823121,2000,-23.3758814,1.5472191526371382,-26.5519,-21.0596,-26.5519,50.240546,-0.30000001449999997,-0.3000009999999999,-0.2999989999999999,12889216.298405902,483,-20.633342857142853,0.22848897665765067,-21.0336,-20.247799999999998,-21.0336,100.20913,-0.3000000041407867,-0.3000009999999999,-0.2999989999999999,14541352.20457336,2000,0.12441400000000002,0.7829913966625839,-9.674,5.96,-9.674,34.112186,-0.30000022749999994,-0.3002499999999999,-0.2998349999999999,10345664799.686165,2000,-0.01450975,0.005536498563683805,-0.034100000000000005,0.0143,-0.034100000000000005,89.870305,-0.30000009549999995,-0.3000029999999999,-0.299998,24570360131.323368,483,-0.014997929606625259,0.0044237659576594375,-0.0305,0.0006000000000000002,-0.0305,109.621181,-0.30000007660455474,-0.3000009999999999,-0.2999989999999999,21901523618.727745,5,4,wafer
2000,-20.604674250000002,11.87454780991162,-34.0135,2.8139,-34.0135,38.79996,-0.29999979899999996,-0.300039,-0.2998409999999999,340121469.29584354,2000,-25.565365749999998,1.800607227094535,-29.349500000000003,-22.8924,-29.349500000000003,50.120464,-0.30000000899999996,-0.3000009999999999,-0.2999989999999999,11791859.298719307,507,-22.377835108481264,0.2764674707118299,-22.8656,-21.91,-22.8656,99.379163,-0.3000000039447731,-0.3000009999999999,-0.2999989999999999,13408164.474730168,2000,0.0961063,0.7902778484300124,-6.124,8.517,-6.124,33.461798,-0.29999998549999984,-0.300189,-0.2997479999999999,8432759789.404395,2000,-0.015977099999999998,0.005548229178170883,-0.0382,0.0424,-0.0382,93.280434,-0.3000001059999999,-0.3000029999999999,-0.299998,19607573953.37935,504,-0.01600138888888889,0.005332321831889229,-0.0427,0.0040999999999999995,-0.0427,108.186156,-0.3000001031746031,-0.300002,-0.2999989999999999,24810766211.745575,5,5,wafer
2000,-19.24378525,9.836991487173648,-30.587500000000002,2.3468,-30.587500000000002,36.250741,-0.2999998929999999,-0.3000919999999999,-0.299939,377275732.2484693,2000,-20.891122700000004,1.7192103820718458,-24.469900000000003,-18.348200000000002,-24.469900000000003,50.468748,-0.3000000095,-0.3000009999999999,-0.2999989999999999,14455804.446613759,480,-17.884583958333334,0.24236090174388886,-18.313,-17.476,-18.313,99.942713,-0.30000001249999997,-0.3000009999999999,-0.3,16777296.977837674,2000,0.1609549,0.5994900311470678,-7.1338,5.882000000000001,-7.1338,36.043075,-0.30000002649999985,-0.30011,-0.2997039999999999,-7665815531.514625,2000,-0.0033450499999999996,0.00632098354007958,-0.0265,0.0225,-0.0265,92.980638,-0.30000009649999987,-0.300002,-0.299998,-inf,481,-0.009126611226611226,0.003905535434989297,-0.022000000000000002,0.0054,-0.022000000000000002,105.27593,-0.30000007484407476,-0.300002,-0.2999989999999999,28828379221.88499,6,1,wafer
2000,-21.17945425,10.40249209628484,-32.838800000000006,1.6948,-32.838800000000006,35.534424,-0.29999981849999996,-0.300074,-0.299844,321898009.45933956,2000,-23.065149549999997,1.7679687390394967,-26.7666,-20.454600000000003,-26.7666,49.854626,-0.300000006,-0.3000009999999999,-0.2999989999999999,13081746.975961825,659,-19.831393626707133,0.3368751779541341,-20.4251,-19.2511,-20.4251,99.68228,-0.30000000758725337,-0.3000009999999999,-0.2999989999999999,15131890.534876404,2000,0.20825790000000002,0.6724917696207842,-5.9924,8.5618,-5.9924,31.75049,-0.3000001719999999,-0.300297,-0.2999159999999999,-4720689599.509579,2000,-0.0009316500000000001,0.0070492261328486275,-0.0191,0.027299999999999998,-0.0191,99.071909,-0.30000010699999996,-0.300002,-0.299998,-inf,657,-0.007923744292237443,0.004770237631026895,-0.0467,0.0345,-0.0467,110.284862,-0.3000001354642313,-0.300002,-0.299998,34083757669.011818,6,2,wafer
2000,-24.224672,10.934092073890552,-35.6261,1.1609,-35.6261,35.879132,-0.29999994699999993,-0.30007,-0.2999259999999999,324262988.80329305,2000,-25.645448499999997,1.9176357858131625,-29.648600000000002,-22.776000000000003,-29.648600000000002,49.919335,-0.30000003149999993,-0.300002,-0.2999989999999999,11762383.892326737,854,-21.88423911007026,0.4826517911791048,-22.7461,-21.075300000000002,-22.7461,99.710708,-0.3000000187353629,-0.3000009999999999,-0.2999989999999999,13715152.760108765,2000,0.16592505,0.6774598363537382,-7.1494,5.1295,-7.1494,24.405726,-0.3000002574999999,-0.300147,-0.2998059999999999,-5066179405.220331,2000,-0.0006318499999999997,0.0078809412632691,-0.0638,0.0296,-0.0638,49.965441,-0.3000001584999999,-0.300002,-0.299997,-inf,851,-0.007615746180963573,0.005225767492314923,-0.03,0.015,-0.03,119.207177,-0.3000002115158636,-0.3000029999999999,-0.299998,-inf,6,3,wafer
2000,-25.395675049999998,11.528730306736088,-37.4307,1.7981,-37.4307,35.594548,-0.29999988999999994,-0.300066,-0.299873,265723652.5643629,2000,-27.3643472,1.9295107605426007,-31.344300000000004,-24.4568,-31.344300000000004,49.553568,-0.30000001749999994,-0.3000009999999999,-0.2999989999999999,11016906.482767824,677,-23.705289955686855,0.40235230715202835,-24.418699999999998,-23.0272,-24.418699999999998,99.147264,-0.3000000162481536,-0.3000009999999999,-0.2999989999999999,12659043.293325003,2000,0.22981905,0.5895065938937576,-6.7696000000000005,5.670599999999999,-6.7696000000000005,12.381877,-0.29999986599999995,-0.300289,-0.299713,-4394164157.873423,2000,0.002207850000000001,0.007926541389957121,-0.0548,0.029900000000000003,-0.0548,77.289422,-0.30000015799999996,-0.3000029999999999,-0.299998,-inf,678,-0.006055014749262537,0.005560864776304441,-0.0207,0.015100000000000002,-0.0207,113.168087,-0.30000013716814156,-0.300002,-0.299998,63434445065.375694,6,4,wafer
2000,-25.63953515,11.906530283020311,-37.9521,1.8729,-37.9521,35.869351,-0.30000011449999986,-0.300168,-0.29995,292018385.72346973,2000,-28.101947550000002,1.911529034725682,-32.0577,-25.215200000000003,-32.0577,49.929499,-0.300000012,-0.3000009999999999,-0.2999989999999999,10724129.232443856,535,-24.601615887850468,0.33324270185948424,-25.1785,-24.0153,-25.1785,99.32047,-0.300000014953271,-0.3000009999999999,-0.2999989999999999,12196555.970139934,2000,0.24808965000000005,0.5870301090168406,-5.1555,4.7214,-5.1555,28.998122,-0.2999999849999999,-0.300133,-0.299736,-4088061144.328775,2000,0.0036532000000000005,0.007536696933029094,-0.0428,0.0318,-0.0428,92.437019,-0.3000001474999999,-0.300002,-0.299998,-inf,534,-0.004429588014981274,0.0056344512026707825,-0.0211,0.0138,-0.0211,103.687205,-0.3000001610486891,-0.300002,-0.299998,-inf,6,5,wafer
2000,-16.05427355,7.751248913661343,-24.877000000000002,0.9502,-24.877000000000002,36.568956,-0.29999998149999996,-0.300112,-0.299903,332034080.0776222,2000,-15.61682165,1.7668970270274205,-19.3378,-13.0288,-19.3378,49.788803,-0.30000002349999993,-0.3000009999999999,-0.2999989999999999,19451175.887151193,600,-12.480407166666668,0.29673346341876083,-13.0045,-11.975200000000001,-13.0045,99.385483,-0.30000002666666664,-0.3000009999999999,-0.2999989999999999,24051248.956195954,2000,-0.0394903,0.6697581169075083,-7.6131,4.5567,-7.6131,22.564141,-0.2999997415,-0.3001749999999999,-0.299794,2626144275.212557,2000,-0.03778,0.00649703591939193,-0.0864,0.0244,-0.0864,61.87755,-0.30000016699999993,-0.300002,-0.299997,8256901394.657975,598,-0.037403846153846156,0.005785947447254328,-0.0543,-0.0189,-0.0543,101.439884,-0.30000016722408024,-0.300002,-0.299998,8253426881.094029,7,1,wafer
2000,-16.342870900000005,8.309053760179191,-25.7185,0.8044,-25.7185,35.916004,-0.2999998609999999,-0.300052,-0.299803,401485959.40512955,2000,-16.8103403,1.6816992680708476,-20.2711,-14.3102,-20.2711,50.050248,-0.30000001049999997,-0.3000009999999999,-0.2999989999999999,18021962.79895802,502,-13.84024143426295,0.250500509830786,-14.282599999999999,-13.4202,-14.282599999999999,99.453139,-0.29999999800796806,-0.3000009999999999,-0.2999989999999999,21683006.441152275,2000,0.12007775,0.7452973434173706,-6.646600000000001,8.197000000000001,-6.646600000000001,30.086009,-0.2999998694999999,-0.3002249999999999,-0.299858,6700898126.649035,2000,-0.0225986,0.006420742247240793,-0.0453,0.011600000000000001,-0.0453,75.60623,-0.3000001034999999,-0.300002,-0.299997,14763652928.043228,503,-0.029266998011928426,0.005714065292358382,-0.048100000000000004,-0.0125,-0.048100000000000004,103.48748,-0.3000001093439363,-0.3000009999999999,-0.2999989999999999,10641235073.977627,7,2,wafer
2000,-18.84744405,8.17771268789308,-27.602,0.6556,-27.602,35.891756,-0.29999977049999993,-0.300159,-0.299865,177835162.7649259,2000,-18.497975299999997,1.6922042904360557,-21.9873,-15.972,-21.9873,50.460271,-0.30000000749999994,-0.3000009999999999,-0.3,16351618.628346622,505,-15.487066930693071,0.25851596676972594,-15.9434,-15.047900000000002,-15.9434,100.011226,-0.3000000099009901,-0.3000009999999999,-0.3,19376388.420494955,2000,0.08984645000000001,0.6881280571150198,-10.84,6.6742,-10.84,30.078619,-0.2999998579999999,-0.300378,-0.299707,-inf,2000,-0.02347115,0.0061928715881046145,-0.043300000000000005,0.0014,-0.043300000000000005,93.506576,-0.30000010199999994,-0.300002,-0.299998,14525459821.658518,506,-0.029117391304347824,0.00507263029716598,-0.0409,-0.010799999999999999,-0.0409,108.015708,-0.30000007707509874,-0.300002,-0.2999989999999999,10762663494.600689,7,3,wafer
2000,-19.526738499999997,8.155612037202262,-27.9223,2.6704,-27.9223,35.821405,-0.29999994999999996,-0.300211,-0.2998599999999999,72394259.50357236,2000,-18.946377899999998,1.6810640276753774,-22.418400000000002,-16.444300000000002,-22.418400000000002,50.529646,-0.30000000649999997,-0.3000009999999999,-0.3,15956809.163265161,455,-16.01108967032967,0.22915311446942307,-16.4132,-15.624000000000002,-16.4132,100.308255,-0.30000000439560426,-0.3000009999999999,-0.3,18740842.38722427,2000,0.046595650000000016,0.7591732220821812,-10.941,9.469,-10.941,22.337568,-0.2999996685,-0.300332,-0.299692,-inf,2000,-0.022759349999999998,0.0065749226140838024,-0.0444,-0.0054,-0.0444,95.969838,-0.30000011349999994,-0.300002,-0.299998,14537526381.65284,452,-0.028156194690265486,0.004979040917554877,-0.0901,-0.0166,-0.0901,106.565879,-0.3000000774336282,-0.3000009999999999,-0.2999989999999999,10896019303.58508,7,4,wafer
2000,-20.0562321,8.181871407259592,-28.3431,0.2795,-28.3431,35.768916,-0.2999998609999999,-0.3001,-0.299797,57478345.95749379,2000,-19.462770950000003,1.6760853283395316,-22.924699999999998,-16.969800000000003,-22.924699999999998,50.319479,-0.3000000039999999,-0.3000009999999999,-0.3,15526540.13768686,504,-16.489047817460317,0.2589659558272733,-16.9426,-16.0554,-16.9426,99.801738,-0.3000000019841269,-0.3000009999999999,-0.3,18198372.186984256,2000,0.08894945000000001,0.7622057418152435,-10.302,8.615,-10.302,4.427858,-0.299999547,-0.300334,-0.2998639999999999,-inf,2000,-0.018517000000000002,0.007234665243851667,-0.0356,0.0094,-0.0356,87.95414099999999,-0.3000001255,-0.3000009999999999,-0.2999989999999999,19822567158.88624,505,-0.026041782178217822,0.004660320599205613,-0.0391,-0.0035,-0.0391,102.465556,-0.3000000871287128,-0.3000009999999999,-0.2999989999999999,12139575139.186134,7,5,wafer
2000,-15.483575700000001,6.474651377978794,-21.8779,0.9511999999999999,-21.8779,35.552077,-0.3000001534999999,-0.300116,-0.299941,445961377.5501666,2000,-15.374125150000001,1.3799344359411523,-18.1511,-13.2682,-18.1511,51.037562,-0.3000000349999999,-0.3000029999999999,-0.299998,19668691.010988254,422,-12.91265971563981,0.18855054625240542,-13.245000000000001,-12.593499999999999,-13.245000000000001,100.971831,-0.3000000047393364,-0.3000009999999999,-0.2999989999999999,23237954.942048535,2000,-0.026211900000000003,0.8268720046442631,-10.574,6.935,-10.574,31.805051,-0.2999990449999999,-0.300105,-0.299678,8522785514.831824,2000,-0.016818200000000002,0.008940339680168666,-0.1435,0.1685,-0.1435,65.072006,-0.3000001219999999,-0.300004,-0.299995,19234201364.333202,419,-0.017333890214797136,0.006175739453420199,-0.0453,0.0095,-0.0453,101.539698,-0.3000001336515512,-0.300002,-0.299998,20916289811.98357,8,1,wafer
2000,-17.1071274,6.693201813941539,-23.3393,1.0864,-23.3393,35.330087,-0.3000001309999999,-0.3000839999999999,-0.299905,604734723.2977763,2000,-17.0454784,1.3531398151680913,-19.724600000000002,-14.952399999999999,-19.724600000000002,51.203641,-0.3000000079999999,-0.300002,-0.299998,17709867.830976762,480,-14.549978124999999,0.21338953266739544,-14.9257,-14.1878,-14.9257,100.713023,-0.3000000104166666,-0.3000029999999999,-0.299998,20623013.474661373,2000,-0.022730000000000004,0.7920317975271871,-10.159,7.957999999999999,-10.159,15.215915,-0.29999884899999996,-0.30023,-0.299687,-inf,2000,-0.01629045,0.007863490385192762,-0.08,0.0386,-0.08,68.655316,-0.30000010199999994,-0.300004,-0.299996,15621617367.030731,481,-0.016314553014553018,0.006019184283206856,-0.0486,0.0199,-0.0486,106.602311,-0.3000000644490643,-0.300004,-0.299995,-inf,8,2,wafer
2000,-17.50294715,6.688620222882658,-23.569200000000002,0.3795,-23.569200000000002,35.647182,-0.3000003024999999,-0.300206,-0.29995,43661225.74838771,2000,-17.48077525,1.336521350140778,-20.1443,-15.4327,-20.1443,50.937212,-0.30000000749999994,-0.3000029999999999,-0.299997,17260949.103043348,522,-15.007082567049807,0.22750072498401777,-15.4122,-14.6243,-15.4122,100.740208,-0.30000002107279694,-0.3000029999999999,-0.299998,19995146.316481113,2000,-0.025767850000000002,0.8282611192203722,-10.633,7.801,-10.633,30.339036,-0.29999890299999993,-0.3000859999999999,-0.299629,-inf,2000,-0.0159956,0.008946936038233207,-0.0859,0.053200000000000004,-0.0859,92.393034,-0.3000000899999999,-0.3000069999999999,-0.299994,19000348920.446144,520,-0.015755576923076924,0.009083464812495935,-0.09069999999999999,0.0421,-0.09069999999999999,112.480927,-0.3000000884615384,-0.3000049999999999,-0.299995,-inf,8,3,wafer
2000,-12.091088950000001,5.367079008668081,-18.3075,1.9624000000000001,-18.3075,33.192941,-0.2999999339999999,-0.300166,-0.299917,450406419.7715551,2000,-11.079719500000001,1.3759999824366216,-13.897400000000001,-9.009,-13.897400000000001,49.859994,-0.2999999999999999,-0.3,-0.3,27489280.509616088,500,-8.618907399999998,0.2084397274157936,-8.9854,-8.2659,-8.9854,99.335622,-0.29999999999999993,-0.3,-0.3,34827513.882030316,2000,0.05434509999999999,0.5203838444540475,-5.381600000000001,8.3652,-5.381600000000001,28.597943,-0.2999998824999999,-0.300239,-0.299786,-inf,2000,-0.017206899999999997,0.004966387509291459,-0.0566,0.0144,-0.0566,65.007288,-0.3000000754999999,-0.3000009999999999,-0.2999989999999999,21072172672.749454,501,-0.017648303393213573,0.0041129772812122925,-0.0339,-0.0073,-0.0339,104.917639,-0.3000000878243512,-0.3000009999999999,-0.3,17870844903.93984,8,4,wafer
2000,-15.446406800000002,6.072809609612429,-21.3241,0.46490000000000004,-21.3241,34.432973,-0.29999955849999993,-0.30007,-0.299828,295839833.7573498,2000,-13.64861235,1.5233967202557976,-16.7776,-11.3589,-16.7776,49.759493,-0.2999999999999999,-0.3,-0.3,22250309.27390745,573,-10.863856544502617,0.2632995457992828,-11.3308,-10.422400000000001,-11.3308,99.268846,-0.3,-0.3,-0.3,27630690.65855059,2000,0.10093985000000001,0.7031548312251827,-2.9677,17.0493,-2.9677,12.458235,-0.30000017349999997,-0.300269,-0.299911,-inf,2000,-0.01550565,0.0057173277845509254,-0.036,0.0077,-0.036,85.843256,-0.3000001004999999,-0.3000009999999999,-0.2999989999999999,19488396421.918125,571,-0.01623257443082312,0.006137705456679973,-0.0362,-0.0063,-0.0362,103.729665,-0.30000013835376527,-0.3000009999999999,-0.2999989999999999,21330864862.16565,8,5,wafer
2000,-19.2698797,8.346041911478878,-27.3168,0.6477,-27.3168,36.542898,-0.3000000989999999,-0.3001649999999999,-0.299946,95697409.43429571,2000,-19.717494449999997,1.478783136875435,-22.745,-17.4958,-22.745,50.946657,-0.3000000104999999,-0.300002,-0.2999989999999999,15299275.820575783,448,-17.108624776785717,0.20050335581596224,-17.463900000000002,-16.768900000000002,-17.463900000000002,100.776622,-0.30000001116071423,-0.300002,-0.2999989999999999,17537418.03155162,2000,-0.00565405,0.8446827416317932,-10.106,6.857,-10.106,28.679074,-0.29999995449999994,-0.300396,-0.299668,-inf,2000,-0.0060296,0.005323596921451797,-0.0356,0.023200000000000002,-0.0356,56.350165,-0.30000008699999997,-0.3000029999999999,-0.299997,-inf,449,-0.008018262806236081,0.004788465084792695,-0.0337,0.013900000000000001,-0.0337,110.050721,-0.30000008017817364,-0.300002,-0.299997,-inf,9,1,wafer
2000,-19.275908450000003,8.167578684691009,-27.269099999999998,0.8394,-27.269099999999998,35.821659,-0.30000009149999995,-0.300051,-0.2999509999999999,185663412.82338613,2000,-19.5824703,1.4524428909164027,-22.5372,-17.383399999999998,-22.5372,50.934014,-0.30000000999999993,-0.300002,-0.2999989999999999,15403007.00329688,618,-16.878611812297738,0.2696104355229995,-17.3571,-16.423000000000002,-17.3571,100.618052,-0.30000000161812296,-0.3000009999999999,-0.2999989999999999,17778500.410003476,2000,0.022382200000000005,0.8151028377212232,-10.885,6.5169999999999995,-10.885,21.334945,-0.29999979549999994,-0.300108,-0.299898,-26552361023.386932,2000,-0.001344,0.005835567746626092,-0.0296,0.0289,-0.0296,72.351833,-0.3000001024999999,-0.3000029999999999,-0.299996,-inf,616,-0.004973376623376624,0.005989389449539025,-0.027299999999999998,0.0166,-0.027299999999999998,113.655217,-0.30000013961038957,-0.3000029999999999,-0.299998,-inf,9,2,wafer
2000,-19.7590853,7.834749184438863,-27.1917,0.8557,-27.1917,35.478218,-0.2999997064999999,-0.300053,-0.299888,93632788.75564784,2000,-19.5612277,1.4305367482790503,-22.4556,-17.3988,-22.4556,51.072497,-0.30000001499999995,-0.300002,-0.2999989999999999,15417442.058255069,1541,-16.241477482154448,0.6168359218197031,-17.3743,-15.226,-17.3743,100.564882,-0.30000000648929265,-0.3000009999999999,-0.2999989999999999,18497810.123663343,2000,0.05018125,0.7845802061506391,-11.094999999999999,9.382,-11.094999999999999,6.668755,-0.3000003009999999,-0.300361,-0.299937,-inf,2000,-0.00218615,0.005733904604063819,-0.0399,0.025400000000000002,-0.0399,94.847285,-0.30000009149999995,-0.3000029999999999,-0.299997,-inf,1542,-0.006265953307392997,0.004959698876469731,-0.0336,0.0193,-0.0336,116.059509,-0.3000001037613488,-0.3000029999999999,-0.299997,-inf,9,3,wafer
2000,-19.7344317,7.5132015359196105,-26.933200000000003,0.7542000000000001,-26.933200000000003,35.244153,-0.2999998975,-0.3001169999999999,-0.299849,82604282.8407944,2000,-19.251215800000004,1.4189022204880832,-22.1261,-17.1061,-22.1261,51.19464,-0.30000000999999993,-0.300002,-0.2999989999999999,15666979.629785145,454,-16.71833832599119,0.2052570300217523,-17.0789,-16.3667,-17.0789,100.72663,-0.2999999911894273,-0.3000009999999999,-0.2999989999999999,17947064.82669636,2000,0.05626470000000001,0.7946820746397812,-10.494,7.528,-10.494,31.488939,-0.2999998139999999,-0.3002579999999999,-0.2996189999999999,-inf,2000,-0.0026336,0.006683748745176192,-0.0374,0.0354,-0.0374,87.683908,-0.30000012549999994,-0.3000029999999999,-0.299996,-inf,455,-0.005737362637362636,0.00588879785402431,-0.0358,0.0156,-0.0358,103.871785,-0.3000001362637362,-0.3000029999999999,-0.299998,-inf,9,4,wafer
2000,-18.53608195,8.495198006325841,-26.6934,0.5137,-26.6934,37.364891,-0.29999995049999995,-0.3002289999999999,-0.299875,90850081.28842856,2000,-19.3785141,1.478056353432829,-22.4092,-17.1575,-22.4092,51.025285,-0.30000001449999997,-0.300002,-0.2999989999999999,15569852.29947876,387,-16.821428423772613,0.17733559186853606,-17.133100000000002,-16.5206,-17.133100000000002,100.436426,-0.29999999224806195,-0.300002,-0.299998,17836371.172857586,2000,0.0459257,0.7039903873791681,-10.299,8.702,-10.299,35.650341,-0.299999816,-0.3003079999999999,-0.299575,-inf,2000,-0.0020448000000000003,0.0056941421291792195,-0.037,0.0383,-0.037,64.323017,-0.3000000999999999,-0.3000029999999999,-0.299996,-inf,387,-0.004362015503875969,0.005412514674179148,-0.032,0.0207,-0.032,107.299649,-0.3000000878552971,-0.300004,-0.299997,-inf,9,5,wafer
2000,-24.19453185,11.407931319987483,-36.8512,0.2674,-36.8512,38.353025,-0.2999995284999999,-0.300091,-0.299875,49031502.27667449,2000,-27.1598092,1.657587817538421,-30.6347,-24.648899999999998,-30.6347,52.682631,-0.3000000295,-0.30001,-0.299992,11086347.255370837,744,-23.935433467741934,0.38264921912183947,-24.616500000000002,-23.2886,-24.616500000000002,102.3095,-0.29999997849462356,-0.300008,-0.299995,12536915.922304466,2000,-0.04257375,1.05027531076863,-17.127,8.825,-17.127,24.377283,-0.2999968609999999,-0.300384,-0.299871,4036162340.5694103,2000,-0.01782715,0.026811693369277596,-0.2051,0.2063,-0.2051,98.50441,-0.30000013549999993,-0.30002,-0.299981,16207721512.85495,745,-0.016512885906040272,0.022434758347647552,-0.2193,0.1766,-0.2193,108.110398,-0.3000002228187919,-0.3000109999999999,-0.299986,17600219114.26981,9,1,repeat
2000,-14.274829,7.1035960800479945,-22.395,1.5329,-22.395,37.574834,-0.29999942099999993,-0.30013,-0.299873,665772487.8308551,2000,-16.044009050000003,0.8794448167315193,-17.9447,-14.7277,-17.9447,49.620186,-0.30000001849999997,-0.300002,-0.2999989999999999,18753919.424320444,756,-14.358328174603175,0.19627232632063163,-14.7133,-14.0289,-14.7133,98.91779,-0.30000000793650783,-0.3000009999999999,-0.2999989999999999,20897693.676375933,2000,0.0091193,0.20369853736483307,-3.5549000000000004,1.1727,-3.5549000000000004,16.412366,-0.2999992505,-0.3000589999999999,-0.2999259999999999,-inf,2000,0.0063139500000000005,0.005845341256479586,-0.013300000000000001,0.035199999999999995,-0.013300000000000001,80.97544099999999,-0.30000011299999996,-0.3000029999999999,-0.299997,-inf,758,0.00547401055408971,0.004967444610156648,-0.0185,0.028,-0.0185,112.099367,-0.3000001042216358,-0.3000029999999999,-0.299998,-inf,9,2,repeat
2000,-11.620248950000002,5.086189223474427,-17.3899,1.089,-17.3899,35.007323,-0.299999694,-0.300095,-0.299905,826795966.9094034,2000,-11.79914985,0.9670382472973061,-13.7459,-10.2904,-13.7459,49.406626,-0.3000000009999999,-0.3000009999999999,-0.3,25594810.80736402,576,-9.931735590277777,0.18965418781881982,-10.2674,-9.6107,-10.2674,98.662815,-0.30000000173611113,-0.3000009999999999,-0.3,30217191.0103306,2000,0.039940250000000004,0.18552779173398884,-1.7508,1.8923,-1.7508,4.14046,-0.29999950949999993,-0.3000609999999999,-0.299907,-inf,2000,0.003903899999999999,0.004559978233582412,-0.014,0.0221,-0.014,85.58158499999999,-0.3000000904999999,-0.3000009999999999,-0.2999989999999999,-inf,577,0.00280259965337955,0.0038731864260813,-0.0123,0.0134,-0.0123,102.471693,-0.30000005372616984,-0.3000009999999999,-0.3,-inf,9,3,repeat
2000,-13.608283850000001,6.767689526199151,-21.047,1.2216,-21.047,37.33723,-0.2999994559999999,-0.3000319999999999,-0.299948,648738722.0062958,2000,-14.981268550000003,1.0536361849856208,-17.146,-13.356,-17.146,49.607818,-0.2999999999999999,-0.3,-0.3,20122903.044696894,542,-13.004238376383766,0.18694569418039575,-13.338,-12.6878,-13.338,99.032963,-0.3,-0.3,-0.3,23074158.828188732,2000,0.07341374999999999,0.2179988639380413,-3.1715,2.7041000000000004,-3.1715,8.50396,-0.29999997399999995,-0.300081,-0.2999219999999999,-inf,2000,0.00542985,0.00452871600034777,-0.015100000000000002,0.0244,-0.015100000000000002,97.698858,-0.30000007449999994,-0.3000009999999999,-0.2999989999999999,-inf,540,0.0017509259259259262,0.004771387653809514,-0.0197,0.0123,-0.0197,103.696881,-0.30000008888888885,-0.3000009999999999,-0.2999989999999999,-inf,9,4,repeat
2000,-15.313393000000003,7.518836185831268,-23.7148,0.8304,-23.7148,37.825724,-0.29999959949999994,-0.300106,-0.299817,455938640.2196875,2000,-17.0035715,1.110109656602712,-19.3468,-15.344100000000001,-19.3468,49.59907,-0.2999999999999999,-0.3,-0.3,17717406.79268859,645,-14.914770387596898,0.23739094025710825,-15.323300000000001,-14.5059,-15.323300000000001,98.85662,-0.3,-0.3,-0.3,20119380.419376705,2000,0.08987614999999999,0.24254117323979402,-1.9535,3.1481,-1.9535,14.603503,-0.2999998139999999,-0.300096,-0.299881,-inf,2000,0.0022241,0.005015698137238918,-0.0107,0.0206,-0.0107,50.147105,-0.30000008999999994,-0.3000009999999999,-0.2999989999999999,-inf,646,-0.0005226006191950466,0.004818245367360679,-0.0093,0.0178,-0.0093,106.202721,-0.3000000913312693,-0.3000009999999999,-0.2999989999999999,-inf,9,5,repeat
2000,-16.833178249999996,8.214405820440904,-25.7838,0.194,-25.7838,38.870151,-0.29999958549999994,-0.3000319999999999,-0.2998639999999999,86117742.11152104,2000,-18.94640535,1.2112463285849964,-21.532899999999998,-17.1188,-21.532899999999998,49.493283,-0.2999999999999999,-0.3,-0.3,15897896.206996912,817,-16.563567074663403,0.2967444363344931,-17.0958,-16.0646,-17.0958,98.854399,-0.29999999999999993,-0.3,-0.3,18117842.902337946,2000,0.02902755,0.18080780325211612,-2.8611,2.0647,-2.8611,14.132977,-0.29999980349999994,-0.300062,-0.299882,-inf,2000,-0.0026328999999999997,0.004246990234628109,-0.02,0.0135,-0.02,73.010457,-0.30000006249999994,-0.3000009999999999,-0.2999989999999999,-inf,814,-0.004066216216216216,0.004748757971358008,-0.0223,0.0072,-0.0223,110.600533,-0.3000001068796068,-0.3000009999999999,-0.2999989999999999,-inf,9,6,repeat
2000,-18.6210576,7.934515294147385,-26.9238,1.1725,-26.9238,35.80702,-0.2999996734999999,-0.300052,-0.299908,278361655.62864494,2000,-19.6089387,1.193695843066896,-22.079900000000002,-17.815800000000003,-22.079900000000002,49.522847,-0.2999999999999999,-0.3,-0.3,15355090.767824668,618,-17.385355987055018,0.2303699360325264,-17.7891,-16.992,-17.7891,98.76159,-0.3,-0.3,-0.3,17258926.95102083,2000,0.06259105,0.23026842451487303,-2.8563,4.0677,-2.8563,33.005264,-0.2999998259999999,-0.3003599999999999,-0.299932,-inf,2000,-0.000498,0.0042454632231347265,-0.012400000000000001,0.015500000000000002,-0.012400000000000001,76.34882499999999,-0.3000000644999999,-0.3000009999999999,-0.2999989999999999,-inf,615,-0.0029403252032520325,0.00450049217991736,-0.0162,0.015100000000000002,-0.0162,111.897853,-0.3000000715447155,-0.3000009999999999,-0.2999989999999999,-inf,9,7,repeat
2000,-19.5184765,8.390970144287184,-28.694100000000002,0.8764,-28.694100000000002,35.588719999999995,-0.29999970599999987,-0.300046,-0.29996,252338852.12188646,2000,-20.670983550000003,1.2512292226999284,-23.2978,-18.8196,-23.2978,49.60307,-0.2999999999999999,-0.3,-0.3,14565446.315124268,997,-18.138831293881644,0.37017846044026725,-18.799300000000002,-17.5167,-18.799300000000002,98.953362,-0.29999999999999993,-0.3,-0.3,16545980.484031735,2000,0.0616777,0.24328106603526636,-3.4158,3.1995,-3.4158,34.350317,-0.29999952199999996,-0.300073,-0.299912,-inf,2000,-0.0031458000000000002,0.0057817356038906385,-0.0235,0.008799999999999999,-0.0235,84.446434,-0.30000010599999993,-0.3000009999999999,-0.2999989999999999,-inf,998,-0.005801903807615231,0.005769850944568077,-0.026699999999999998,0.0040999999999999995,-0.026699999999999998,122.916435,-0.30000012925851693,-0.3000009999999999,-0.2999989999999999,-inf,9,8,repeat
2000,-19.08570675,9.03524213189998,-28.9403,1.7137,-28.9403,35.823431,-0.29999976049999993,-0.3000609999999999,-0.299967,360741112.14059913,2000,-20.723727249999996,1.3237743704288658,-23.5251,-18.756700000000002,-23.5251,49.900158,-0.2999999999999999,-0.3,-0.3,14534265.908790855,572,-18.32833531468532,0.22756052279619443,-18.732300000000002,-17.9481,-18.732300000000002,99.162746,-0.3,-0.3,-0.3,16370616.216487197,2000,0.08235710000000002,0.32615969894240016,-1.7168999999999999,4.3493,-1.7168999999999999,9.511003,-0.2999997959999999,-0.300071,-0.299919,2415784460.073382,2000,-0.03636375,0.0053707777429607105,-0.05960000000000001,-0.0156,-0.05960000000000001,51.490699,-0.3000000774999999,-0.3000009999999999,-0.2999989999999999,8452480107.501154,570,-0.036061403508771926,0.0038454937628055997,-0.0531,-0.0219,-0.0531,109.597432,-0.3000000403508772,-0.3000009999999999,-0.2999989999999999,8419921552.425713,9,9,repeat
2000,-19.77095605,9.39935175623735,-30.155,1.0058,-30.155,35.873715,-0.29999968299999996,-0.300037,-0.299942,359559186.80991113,2000,-21.497771299999997,1.3784900845682337,-24.444,-19.4605,-24.444,49.672213,-0.2999999999999999,-0.3,-0.3,14011325.205907948,544,-19.026491911764708,0.22889017996249408,-19.4326,-18.6416,-19.4326,99.055889,-0.3,-0.3,-0.3,15769765.539973207,2000,0.1270503,0.4010684921027689,-3.2,5.9686,-3.2,27.986577,-0.2999996129999999,-0.300066,-0.29985,12267914469.446465,2000,-0.011122749999999999,0.004907242397872326,-0.0293,0.0014,-0.0293,81.91675099999999,-0.30000009149999995,-0.3000009999999999,-0.2999989999999999,-inf,545,-0.012744954128440367,0.003739679087328317,-0.0255,0.0021999999999999997,-0.0255,109.514919,-0.3000000770642202,-0.3000009999999999,-0.3,28781481168.40992,9,10,repeat
2000,-19.29356805,10.087321878556022,-30.6867,1.4663,-30.6867,36.428918,-0.2999996879999999,-0.300022,-0.299957,422039670.8234448,2000,-21.3217618,1.5672004475216679,-24.7137,-19.0648,-24.7137,49.528379,-0.2999999999999999,-0.3,-0.3,14144508.126525935,1210,-18.1459220661157,0.49751688916540904,-19.036900000000003,-17.3258,-19.036900000000003,99.267726,-0.29999999999999993,-0.3,-0.3,16545044.704525378,2000,0.15272709999999998,0.5085140263779374,-5.0601,5.4062,-5.0601,27.523142,-0.29999989799999993,-0.300068,-0.299934,-inf,2000,-0.01191645,0.004978624081648782,-0.031299999999999994,0.0008,-0.031299999999999994,78.597335,-0.30000010799999993,-0.3000009999999999,-0.2999989999999999,31977455020.817234,1211,-0.011779603633360858,0.004497891720062665,-0.0225,0.0061,-0.0225,128.704937,-0.30000010652353426,-0.3000009999999999,-0.2999989999999999,-inf,9,11,repeat
2000,-21.8147066,10.582602332825978,-33.28660000000001,1.2853,-33.28660000000001,36.011519,-0.2999998274999999,-0.30012,-0.299973,422534752.31208426,2000,-23.623346349999995,1.6685117169086374,-27.1662,-21.183699999999998,-27.1662,49.509267,-0.30000000049999986,-0.3000009999999999,-0.3,12761460.843735479,569,-20.66907029876977,0.2745396495391891,-21.1511,-20.2037,-21.1511,98.779412,-0.3,-0.3,-0.3,14516996.764948629,2000,0.13152870000000003,0.45532601291308594,-3.241,6.6293,-3.241,27.107617,-0.2999998319999999,-0.300131,-0.2998929999999999,-inf,2000,-0.009108350000000001,0.004955497326644137,-0.0284,0.0016,-0.0284,69.825549,-0.30000009499999986,-0.3000009999999999,-0.2999989999999999,-inf,570,-0.009982105263157896,0.0050309442233047955,-0.0223,0.0084,-0.0223,99.509474,-0.3000000929824561,-0.3000009999999999,-0.2999989999999999,27733869292.478905,9,12,repeat
2000,-16.97386065,8.3847014073467,-25.9671,0.4625,-25.9671,36.579959,-0.2999996879999999,-0.3000359999999999,-0.299954,227936966.3060827,2000,-18.641768349999996,1.1402620483041075,-21.1058,-16.9326,-21.1058,49.618854,-0.2999999999999999,-0.3,-0.3,16152145.323794499,582,-16.561331443298972,0.1940178153121473,-16.9147,-16.2276,-16.9147,98.749658,-0.29999999999999993,-0.3,-0.3,18116966.372490324,2000,0.008317149999999999,0.1418981237001826,-2.009,1.4897,-2.009,25.853232,-0.30000008999999994,-0.300067,-0.299934,3652717662.958553,2000,-0.02451125,0.003964697699878985,-0.040600000000000004,-0.0071,-0.040600000000000004,81.30484,-0.3000000789999999,-0.3000009999999999,-0.2999989999999999,12601472359.962736,579,-0.023703454231433507,0.00492055098110737,-0.0349,-0.0054,-0.0349,104.820352,-0.30000009844559583,-0.3000009999999999,-0.2999989999999999,13530665265.452198,9,13,repeat
2000,-19.509641300000002,9.461982188130486,-29.917399999999997,1.0596999999999999,-29.917399999999997,36.141738,-0.29999969299999985,-0.300081,-0.299975,223440786.52588978,2000,-20.5142764,1.2787885835875283,-23.2898,-18.5875,-23.2898,49.677052,-0.2999999999999999,-0.3,-0.3,14679827.003274001,566,-18.16487296819788,0.22353344631614,-18.563499999999998,-17.7886,-18.563499999999998,98.895404,-0.30000000000000004,-0.3,-0.3,16517887.230800599,2000,0.17370360000000004,0.6462130001151315,-1.0461,12.466800000000001,-1.0461,18.049549,-0.30000000349999995,-0.3000649999999999,-0.299933,-inf,2000,-0.02123885,0.004546129048120068,-0.0422,-0.0047,-0.0422,76.370513,-0.30000008849999993,-0.3000009999999999,-0.2999989999999999,14808043635.532265,567,-0.020677072310405643,0.004859768847480887,-0.0399,-0.013000000000000001,-0.0399,106.948929,-0.30000009347442674,-0.3000009999999999,-0.2999989999999999,15255897251.29958,9,14,repeat
2000,-22.86184105,10.15135224295168,-32.9345,1.7246,-32.9345,36.325486,-0.29999970549999994,-0.300037,-0.299915,350138981.6797116,2000,-23.44292215,1.436330720528439,-26.5399,-21.3516,-26.5399,49.575191,-0.2999999999999999,-0.3,-0.3,12844310.47397611,1117,-20.508332139659803,0.4718316996665259,-21.331200000000003,-19.7386,-21.331200000000003,98.987207,-0.3000000008952552,-0.3000009999999999,-0.3,14635934.993944142,2000,0.12292085000000001,0.46074106990480673,-1.7184,6.0477,-1.7184,15.159467,-0.2999999489999999,-0.300062,-0.299902,-inf,2000,-0.01649775,0.0043071633084180464,-0.0362,0.0010999999999999998,-0.0362,64.160401,-0.3000000874999999,-0.3000009999999999,-0.2999989999999999,19936152569.67895,1116,-0.01695905017921147,0.004924163773963668,-0.0357,-0.0027,-0.0357,112.453812,-0.30000010573476704,-0.3000009999999999,-0.2999989999999999,19272230671.763596,9,15,repeat
2000,-23.2404083,11.409339215610146,-35.4169,2.2399,-35.4169,36.470914,-0.2999996429999999,-0.300025,-0.2998699999999999,221798297.90616614,2000,-24.7581511,1.5826868024552814,-28.1581,-22.4631,-28.1581,49.525145,-0.30000000049999986,-0.3000009999999999,-0.3,12165854.367317852,512,-22.001210351562502,0.2405205601878267,-22.4343,-21.6065,-22.4343,98.78376,-0.29999999999999993,-0.3,-0.3,13637238.517028324,2000,0.23672590000000002,0.7158836561856868,-1.4756,10.7258,-1.4756,32.172148,-0.2999996409999999,-0.30004,-0.2999239999999999,-inf,2000,-0.0116782,0.0050823970860284055,-0.0237,0.0089,-0.0237,94.417656,-0.3000000994999999,-0.3000009999999999,-0.2999989999999999,-inf,514,-0.014019260700389105,0.0036135707284465413,-0.0277,0.0002,-0.0277,107.918497,-0.30000006809338514,-0.3000009999999999,-0.3,20746008828.191307,9,16,repeat
2000,-24.719361250000002,12.260163970075604,-37.732600000000005,0.9877,-37.732600000000005,36.67778,-0.29999979649999997,-0.3000569999999999,-0.299929,305478026.7576322,2000,-26.179284750000004,1.6527962895771087,-29.935399999999998,-23.761,-29.935399999999998,49.529923,-0.30000000049999986,-0.3000009999999999,-0.3,11504089.30332709,861,-22.9839299651568,0.41017124320484494,-23.7264,-22.3241,-23.7264,98.829844,-0.29999999999999993,-0.3,-0.3,13056744.413104342,2000,0.24272935000000004,0.7030646961319074,-1.0647,12.2494,-1.0647,21.645703,-0.2999996275,-0.3000609999999999,-0.29972,-inf,2000,-0.00694745,0.005163158200055408,-0.0222,0.011800000000000001,-0.0222,77.49804,-0.30000008849999993,-0.3000009999999999,-0.2999989999999999,-inf,859,-0.011044703143189756,0.004822369616395516,-0.028499999999999998,0.008199999999999999,-0.028499999999999998,115.343947,-0.3000000884749708,-0.3000009999999999,-0.2999989999999999,35283723438.11053,9,17,repeat
2000,-14.98160395,7.56093117823793,-23.905199999999997,3.6231,-23.905199999999997,36.124615,-0.3000000154999999,-0.300182,-0.29989,331679315.648053,2000,-15.417101700000003,1.3331603780205412,-18.2252,-13.448400000000001,-18.2252,49.984684,-0.3000000374999999,-0.3000049999999999,-0.299997,19601795.09262323,469,-13.084996801705758,0.18719682660627143,-13.4314,-12.773200000000001,-13.4314,99.632064,-0.29999999573560754,-0.3000029999999999,-0.299996,22931699.55896114,2000,0.10905649999999997,0.786212641520469,-7.3149999999999995,9.187,-7.3149999999999995,7.823029999999999,-0.2999994855,-0.3002479999999999,-0.299764,-inf,2000,-0.009348799999999999,0.011403727507290335,-0.0951,0.0819,-0.0951,87.317801,-0.30000011899999995,-0.300008,-0.299991,-inf,469,-0.01082452025586354,0.011300360029157677,-0.0751,0.056,-0.0751,107.513956,-0.3000002238805969,-0.300008,-0.299994,36683620712.11199,9,18,repeat
2000,-17.358581,7.775392755263769,-25.9427,1.5725,-25.9427,35.82007,-0.2999999379999999,-0.3001399999999999,-0.2999179999999999,231879816.93344548,2000,-17.214279849999997,1.4494651912375414,-20.2916,-15.054400000000003,-20.2916,49.809684,-0.30000003299999994,-0.3000049999999999,-0.299996,17548795.978660353,574,-14.580417595818815,0.24920656070671757,-15.0417,-14.1723,-15.0417,99.55052,-0.30000002439024387,-0.300004,-0.299996,20581538.052830774,2000,0.03106125,0.6421572294750882,-7.5272000000000014,6.749,-7.5272000000000014,21.259217,-0.299999072,-0.300209,-0.2997289999999999,-inf,2000,-0.01035565,0.012352897438053047,-0.0949,0.0906,-0.0949,63.678119,-0.30000013049999996,-0.300008,-0.299989,-inf,572,-0.011364510489510489,0.012537510063967762,-0.0969,0.09200000000000001,-0.0969,104.060268,-0.3000001853146853,-0.30001,-0.299991,33141783274.376938,9,19,repeat
2000,-18.37168845,7.942446871092791,-27.1078,0.8899,-27.1078,35.463908,-0.299999961,-0.300181,-0.299867,167094005.4936987,2000,-18.123709399999996,1.512965816250391,-21.2408,-15.913800000000002,-21.2408,50.028507,-0.3000000259999999,-0.3000049999999999,-0.299996,16666112.750225613,677,-15.399412555391434,0.290357155612707,-15.9137,-14.909999999999998,-15.9137,99.405663,-0.30000003988183155,-0.3000049999999999,-0.299996,19488178.601254083,2000,0.05892794999999998,0.6191861217360033,-11.244,6.7219999999999995,-11.244,20.974294,-0.29999900599999996,-0.300235,-0.299745,-inf,2000,-0.0100546,0.011226073721724919,-0.0998,0.08910000000000001,-0.0998,52.841081,-0.3000001679999999,-0.3000089999999999,-0.29999,29482241125.526463,678,-0.011019026548672567,0.011722494413289533,-0.0884,0.07050000000000001,-0.0884,104.427601,-0.30000016666666657,-0.3000089999999999,-0.299991,27456344284.925793,9,20,repeat
2000,-18.9750583,7.741437470829206,-27.573800000000002,0.9648,-27.573800000000002,34.409719,-0.2999999189999999,-0.300174,-0.2998329999999999,125205097.68319933,2000,-18.2826097,1.4788252782758833,-21.3792,-16.113,-21.3792,49.963014,-0.30000002199999987,-0.3000049999999999,-0.299996,16514422.350831348,486,-15.730759670781891,0.20530470776383689,-16.1039,-15.381200000000002,-16.1039,99.839268,-0.3000000288065842,-0.300004,-0.299997,19074159.968646172,2000,0.027843149999999994,0.6119164638759598,-7.210200000000001,6.627,-7.210200000000001,18.33162,-0.29999895949999994,-0.300325,-0.299639,-inf,2000,-0.0105875,0.011966878742739133,-0.1047,0.0912,-0.1047,82.486548,-0.3000001654999999,-0.3000089999999999,-0.299991,30202774506.12319,488,-0.010610450819672131,0.012433183781072383,-0.0841,0.0753,-0.0841,100.419355,-0.3000001454918032,-0.300008,-0.299992,-inf,9,21,repeat
2000,-19.169900100000003,8.728814215138915,-28.6338,2.0687,-28.6338,35.517107,-0.2999999169999999,-0.3000939999999999,-0.299845,219076524.79328698,2000,-19.761444100000002,1.5821478046481836,-23.0439,-17.4497,-23.0439,50.033374,-0.3000000314999999,-0.3000049999999999,-0.299996,15276606.662832798,612,-16.94279411764706,0.26840785012345386,-17.4274,-16.4831,-17.4274,99.505694,-0.3000000163398693,-0.3000049999999999,-0.299996,17711077.24410733,2000,0.046954800000000005,0.6641531232498431,-11.123999999999999,6.7964,-11.123999999999999,13.3539,-0.29999900199999996,-0.300266,-0.299763,-inf,2000,-0.010230900000000001,0.011037132523312773,-0.10880000000000001,0.0892,-0.10880000000000001,89.144306,-0.30000014499999994,-0.30001,-0.299991,-inf,612,-0.012344117647058823,0.012780066364232578,-0.0949,0.06010000000000001,-0.0949,100.355193,-0.3000001895424836,-0.3000089999999999,-0.299991,27989140515.410923,9,22,repeat
2000,-19.250580649999996,8.936022248503159,-29.0228,1.0188,-29.0228,36.197419,-0.30000022249999997,-0.300107,-0.299913,222036969.2025624,2000,-20.149105100000003,1.6105079436569947,-23.5592,-17.7742,-23.5592,49.86513,-0.3000000359999999,-0.3000049999999999,-0.299996,14982169.042933362,549,-17.311648087431696,0.2516519641837508,-17.7678,-16.8837,-17.7678,99.450755,-0.30000001275045535,-0.3000029999999999,-0.299997,17333028.224325947,2000,0.017705250000000002,0.574882845796109,-5.6673,5.2848,-5.6673,9.926144,-0.29999864499999995,-0.300058,-0.299826,-inf,2000,-0.01190855,0.01272882922519672,-0.1101,0.09069999999999999,-0.1101,70.320942,-0.3000001679999999,-0.3000089999999999,-0.299987,-inf,550,-0.012144545454545456,0.009060806390845838,-0.0786,0.0404,-0.0786,100.027914,-0.30000017090909087,-0.3000069999999999,-0.299995,23187509477.18062,9,23,repeat
2000,-17.160800300000002,9.072397177949009,-27.5397,2.8106,-27.5397,35.445163,-0.2999997319999999,-0.300104,-0.29972,179986248.27094424,2000,-19.18177915,1.5528384475702561,-22.41,-16.8749,-22.41,49.625276,-0.30000001549999994,-0.300002,-0.2999989999999999,15740704.395025153,443,-16.422563205417607,0.25724321585735593,-16.851599999999998,-15.989300000000002,-16.851599999999998,99.00965,-0.30000000677200894,-0.3000009999999999,-0.2999989999999999,18272025.961240325,2000,0.12389354999999999,0.7043047232732506,-6.5689,5.5742,-6.5689,2.541383,-0.2999997964999999,-0.3002479999999999,-0.2997849999999999,-inf,2000,-0.01048555,0.0054014862977343845,-0.033999999999999996,0.0247,-0.033999999999999996,66.969894,-0.3000001219999999,-0.3000029999999999,-0.299997,31045284757.403244,443,-0.01180022573363431,0.006394962309142594,-0.0331,0.013000000000000001,-0.0331,100.282013,-0.30000012189616243,-0.300002,-0.299997,21604460810.420166,9,24,repeat
